UNITID,TotalLiabilities,EndowmentAssets
222178,331069608,821879729
138558,64439549,22380708
172866,992187,NA
108232,179522282,NA
126182,108355019,57169
188429,183266557,255623639
142832,30185627,229680
168528,65799364,56579536
133872,19784068,11811829
138600,79721969,236894913
100654,294187628,NA
100724,196531265,135198862
102580,250784,1411276
102669,7530239,102841132
188526,37739949,68029602
138716,193187311,5175885
128498,34935412,31174365
168546,79539037,144138966
132842,11199578,NA
210571,153098000,53032000
175342,140837968,19787828
188641,97404551,193793251
156189,4467256,70415927
210669,64091771,270838687
200873,70494,458398
152798,1511306,10953441
217624,11030920,580231
110468,38312467,NA
168591,66678380,135964921
210775,113251984,18457597
238193,22395404,36216702
222628,1290969,50515857
219505,4845239,2349560
485698,6395516,2009183
438586,7625030,NA
445133,10029550,NA
164447,33980780,28344364
142957,1068533,NA
131159,861929000,1032022000
433004,6085482,NA
164465,714483653,3549576398
483595,42513399,NA
150066,49325000,35208000
217633,104416747,65010089
168740,60501409,77326914
222831,71867409,249083037
164492,25410446,1525372
483018,3590607,20419150
245892,NA,NA
245838,NA,NA
245847,NA,NA
245883,NA,NA
237136,3622171,2164319
197869,834332786,217201820
168786,40040769,46683981
211088,102450000,66099000
105899,44338599,727690
500290,NA,NA
500306,NA,NA
499389,NA,NA
499398,NA,NA
499404,NA,NA
494162,NA,NA
498447,NA,NA
495439,NA,NA
487375,NA,NA
498456,NA,NA
495457,NA,NA
497268,NA,NA
499370,NA,NA
498049,NA,NA
500333,NA,NA
495420,NA,NA
421708,132699819,NA
495448,NA,NA
104151,4478833000,1592168000
106306,3644051,NA
106458,151841871,115395232
222877,1253428,NA
201061,5065475,2349602
109651,168326000,152688000
156213,13796728,78149444
154022,69511585,NA
201104,96236168,71414534
454829,20521656,NA
164562,43834397,107684029
100812,62340443,7026759
439446,1542283,NA
485768,9733314,NA
100858,2797624594,1185728863
100830,187208987,68494514
173045,74620579,76281098
482149,925856929,398304538
143084,43151446,222938769
219000,120045798,126552473
143118,60619641,54014375
222983,43723789,191743430
219602,127122426,58126611
446048,61971051,11014738
231420,32601271,5687825
176628,30107808,11713369
109785,188517861,96232956
164580,219388989,740311170
476601,3564420,NA
245777,482804,NA
449658,199498,NA
168847,21637914,348024578
154688,26360536,52323368
201195,55082842,179867612
150136,438484408,260813964
219639,16360715,91778586
223117,114623,1967661
132408,342701,7970708
444398,130748,6107741
155070,4057290,5533861
189088,602299750,167819284
189097,330080000,503444000
177719,0,42166731
132471,81977854,58752320
197911,35238901,25410090
235547,22346162,762289
160977,203291343,446804807
164632,23029020,74437347
223232,1023961000,2103057000
476717,2359759,NA
384254,20874487,2278773
444413,481561,NA
175421,22328153,7959804
156286,72247959,63334186
180814,66936864,117841840
238324,17035416,15045900
197984,30180724,13795258
219709,409057763,404513549
238333,31227852,84013471
173124,44937000,39810000
217721,38583357,29603266
154712,67241514,58512703
145619,69869792,34661849
197993,8048203,16520944
230816,61020565,48929885
164739,197865000,362644000
156295,109487442,1626128100
189228,7539118,NA
183789,12067572,NA
164748,410392526,426384464
139144,116725240,1370772843
485999,179200,NA
183804,61379338,14210278
488314,473806,NA
154721,23925869,13171944
237181,46630176,52403983
173142,24325197,48271455
154749,2886160,36871951
150145,17535519,11719776
173160,75346676,109281103
219718,58773345,12300132
110060,595101,NA
486053,770008,158117
132602,99896282,41110832
139153,765300,NA
196079,981204734,221028373
110097,147370000,141349000
219046,19058338,23948759
143288,13747000,34703862
143297,NA,NA
183822,36035000,17519000
175430,6994330,20456194
237215,9629918,4583708
231554,18050426,7310115
201371,11076322,25920590
217749,25817735,20503548
142090,410802,751577
142115,418042000,165407637
233356,NA,925214
189413,12279884,699396
164872,21573941,11098252
164614,1519979,NA
164924,1761819785,3908450339
164988,2532493000,3528624000
161004,431934000,2583406000
162007,106261234,47305844
201441,544329610,236601000
143358,188574014,362421752
165015,325555447,1264908273
139199,44379335,61203869
156356,9975216,17456238
198066,22363164,37016592
139205,8921141,10591487
152992,24442532,23114395
231581,62631711,102625570
165024,339617930,76377856
230038,574478419,3079786298
230047,337418000,248204000
444088,NA,NA
217156,1728851000,6718785000
180878,NA,9381504
219790,17494208,9220124
217165,241443000,232598000
210492,NA,59144965
211273,140257000,1208946000
211291,281905000,1167275000
153001,47565366,159225705
209409,12889924,19595731
150163,227755000,297229000
215114,15882065,14272849
183910,29841945,13401375
433420,6904173,NA
110361,414477041,157607036
112570,3125732,NA
110370,176555000,42631000
110316,20393115,1723671
110404,2685192000,4228841000
111081,67111404,249311896
486488,2123281,NA
110413,84859280,144984195
480781,904195,NA
496627,128936845,NA
110422,2164820940,296446884
115755,694429992,39670628
110529,1540859516,187532916
111188,188901248,19176893
110486,577368057,42735229
441937,597935875,19726893
110538,1099781311,100204970
110547,812708536,26555410
110574,882019099,21440172
110556,1380652367,241068519
110565,1957655807,142225508
110583,1995075386,132855011
110592,1417909778,62522647
409698,544965929,43519789
110608,1772945732,239940034
110617,1824580346,86290912
110510,1202618937,58296181
366711,841647771,36560347
110495,649760306,20529983
150172,13720197,6186182
176789,1126322,482920
169080,125660000,286119000
165167,48108455,15492455
206914,46094445,23739490
198136,150979445,210406971
156365,60543177,39253611
189705,62054431,147364503
201548,57246920,140653264
162061,5429739,6122824
448239,1547740,NA
173258,230515234,1255379173
211431,45571057,56831178
211440,1306379321,3231995579
199971,1199252,300269
489937,6210188,386000
180106,16697759,81002414
238458,44530363,93860249
219806,56704994,75538937
238476,127838822,164823037
201645,1203917901,2396658000
198215,12168249,386330862
211468,23892578,44484462
201654,29717894,50983878
158477,32806321,135148021
183974,40333141,15919996
106713,10057899,4456572
154855,8409746,5380219
176910,8501001,2347804
153108,70245551,98924047
128771,61401196,99588764
445267,NA,NA
176947,10742017,67710220
169248,274634695,265356840
201690,91941508,1859458
234827,215119870,60180064
488004,132185,NA
189857,1160606,NA
156408,196832092,402704759
180948,10693268,31219078
454245,NA,NA
489353,NA,NA
457129,NA,NA
475732,NA,NA
454227,NA,NA
475741,NA,NA
492759,NA,NA
486947,NA,NA
466921,NA,NA
486938,NA,NA
486956,NA,NA
489344,NA,NA
454236,NA,NA
466930,NA,NA
460871,NA,NA
141486,34363578,45517149
492069,637889,NA
230852,81012874,38732898
111948,544786000,804637000
111966,79610900,109922800
217688,50557190,29841392
444778,119394,NA
211556,75194513,80341504
211583,31865170,23381677
211608,57800566,1924019
181145,NA,NA
144005,24011466,8512681
198303,8858643,31989307
494630,850386,816274
219833,15182233,44330912
231712,257429574,54011627
201867,4981988,778732
217864,216575883,419791742
234915,19746242,4028637
217873,53056386,72574717
112260,1082543000,1319992000
138947,22010219,116477562
165334,195845000,486846000
153126,10305816,32726988
180832,8053251,5634826
190044,127129556,213957168
139311,139905643,20879752
156417,121398,23494403
169327,32315826,1390042
217882,2610040303,1124156325
202046,38368365,37610248
202073,45083906,58275695
202134,449690189,117821388
177038,4955232,22820406
217891,429940,22780
218724,528841129,57556431
153144,37331043,104478883
217907,15798955,34976913
161086,393656000,1160160000
182634,32152043,71949999
190099,489426664,1254676903
169442,42617541,90867689
388520,2743241,237821
217819,614315529,147503292
139250,46791465,10650721
167394,18517572,24403965
174747,46675117,130578580
181604,12714431,32085539
190558,376772592,20128515
160959,18087145,84444621
166124,267784408,1109264540
178697,26795291,651476183
493822,572234,NA
126669,72108632,11770715
126678,190005834,989823357
127556,291989763,59770524
126775,1064559945,386363861
128106,153125629,27145639
126818,2034687112,643276118
126827,45849916,NA
177065,13105692,159246801
217934,20672866,20040972
144281,172025010,191973543
217925,29356619,5124495
190150,5041632000,14782492000
202170,10928317,25812422
139366,150909346,104227476
498562,611373521,85141554
177083,5311,9377828
237330,29029626,45356064
173300,51481711,183959431
169363,NA,NA
224004,55551174,31799952
144351,54980627,32445226
112075,87466009,54499606
180984,25427142,82243089
173328,23120445,52401214
238616,43161381,138155905
493600,15268493,NA
128902,168526000,482358000
217961,36922598,88497169
162283,94475395,3508448
210331,7469368,1931844
153162,33584164,100874798
190415,2556408173,10177681427
170037,7460401,17011940
235024,30908917,12824898
177117,951128,108104282
139393,2466630,64939767
176770,NA,NA
181002,418430000,782588000
475608,10747607,11611484
106810,2451579,1691754
174862,19533797,10548368
177144,10686011,41171818
219949,17834935,25924589
190512,586771487,225843190
190549,534731991,57281090
190567,1587973227,304811846
190576,372083794,108349418
190594,537799489,193943349
190600,914233006,5011315
190637,561412552,37609449
190646,367297529,653999
190655,419184123,16838796
190664,632731306,64606986
190691,281522130,2461938
165529,76915300,88484075
211893,4620861,229481718
190716,96121577,22307551
190725,34895410,26938821
219082,97709576,20848338
219091,19216291,42834214
224226,12156730,73510430
224244,2781427,474528
139463,53211078,20529474
182670,1673678483,8273315722
169479,69009067,31995490
198385,154615946,1374503853
237358,4621180,72430967
194569,148349,1482277
165574,44120804,68822856
202514,7909859,20044969
130934,415726831,37018763
211981,46152108,39468630
175616,89155985,37479615
202523,252693000,1039019000
454856,3568577,NA
499422,5497669,NA
144740,407986000,1025211000
150400,202511984,932562848
210739,59423308,105714112
113582,739783,NA
482413,NA,NA
482422,NA,NA
482459,NA,NA
482468,NA,NA
482547,NA,NA
482556,NA,NA
482574,NA,NA
482635,NA,NA
482653,NA,NA
113616,NA,NA
212009,152977891,627548242
200059,11924201,21961463
443410,28495807,NA
158802,28031108,102201663
153241,1053769,37595165
181020,51450602,102762340
148496,36240732,55388935
190761,36778736,5129431
113698,38452448,31921283
153250,22377172,74792440
153269,86036105,306208560
184348,91790000,126713000
212054,1518902000,1069294000
177214,55369843,84401980
198419,7818793000,11889994000
212106,335179000,661012000
496326,NA,NA
447421,NA,NA
230366,NA,NA
150455,88513031,416198021
198464,1323642585,320106984
207041,28304102,43474672
212115,206703700,24584919
220075,250768020,119127440
224527,27135498,75412614
144883,11516373,NA
129215,27069039,20588771
144892,91617219,73316539
421878,1822287,NA
156620,483262097,97768500
232043,21202135,46225730
169798,561290391,109425810
165644,17540708,19534943
187648,136839222,62950677
208646,56395351,18485220
212133,31969774,34023310
235097,257535845,48340888
446233,2383571,NA
133492,58631911,94995100
238661,16104485,72199975
133526,9682940,5527915
198507,104215625,23024407
212197,77786800,107239621
144962,78593040,177519975
190983,13882159,25816885
198516,301132489,365486483
133553,427386000,222643000
104586,NA,88191000
426314,NA,7350000
165662,574177978,264747512
165671,279294499,173207388
139630,9658090,2364424
232025,84356738,110692480
139658,7284260000,12396185000
196264,92249289,27970972
155025,56760926,103733299
165699,141805655,146734428
124487,3784319,NA
217998,21668010,38708327
144971,14029316,36366416
177339,44055304,27988292
385619,26951145,NA
129242,344855473,411058000
184694,NA,NA
184603,153068000,100236000
237367,64717623,34450854
153320,2819344,5029098
443049,2886607,NA
443058,189076,NA
196042,280358214,7579659
101189,44774798,23452655
198543,175539821,34914792
184612,37671061,5588290
169910,145700341,127498531
232089,25229066,60295089
165802,8031676,NA
220181,58333240,41256925
165820,136986571,26753658
191205,5261419,NA
133711,91112115,94777008
133650,246779625,101700975
133669,465500952,398118994
133809,7880880,16231128
433660,346905656,103836772
133881,143194222,105961895
133951,1029241185,337735286
133979,13995788,7258273
408844,33670523,NA
482936,112160614,4300678
134079,49037455,130587373
134097,1407568689,1029931070
177418,1421010,4703993
191241,781182000,1024789000
155061,61566023,174703408
127185,87830161,34134776
139719,148698522,13249095
165866,169010236,65432992
218061,118864523,51785607
160074,23680848,13225002
205957,63049046,91330849
212577,196866932,467642341
150604,30030666,99752531
182795,45408033,22727852
202806,26872000,11801000
441982,162886000,425936000
220215,36587752,85248118
114813,43166557,22756722
155089,6150047,62972035
162584,134997224,49758987
134237,306029634,NA
218070,272002333,827738616
156471,166741528,NA
131450,129955666,235095432
212601,111626000,82842000
198561,32016943,79248690
456542,73059754,5959058
212656,5066434,62055074
208822,62136119,34311558
232186,1065811575,206791506
131469,2704755000,2639708000
156745,8178625,32889546
131496,3393515000,3638443000
139861,247858060,64623829
447689,255924248,NA
139755,2416584374,3166993332
139931,623065758,119360129
139764,78509740,38860923
139940,1134677381,259886368
184773,34652402,54148754
212674,103591271,425385470
449384,2169531,NA
115083,38772711,50310133
130989,19823645,189713413
235316,337213000,476148000
165936,30404411,115090366
150668,20852921,139330349
162654,125464000,292650000
145336,60742482,2797016
170000,5113043,NA
150677,31214236,33171544
481058,716783,NA
481401,890886,NA
153366,26277028,49294369
159009,120391310,17947509
104717,1536312000,NA
170082,428216355,209408812
153375,45188751,37528470
212771,1769342,5060976
170091,2511295,1116353
497213,236461,NA
198598,23077571,29029019
145372,40759052,28587347
153384,277555000,2670849000
212805,27582567,276777346
198613,81316226,80734148
173647,88243141,313227276
212832,44750000,68051000
225201,25304339,NA
191515,196650000,1361639000
173665,52894632,147220119
232256,110597053,248839242
166018,27992484,27241084
232265,185568677,241215124
177542,9530122,8843763
150756,32793045,163733338
225247,68504979,222008195
107044,76967301,217276124
177551,42587939,3394575
446640,186439485,1528280
191533,46493676,43787461
166027,12451836000,53235205000
115409,76546131,454549500
181127,29239245,105785120
111045,591786,NA
212911,157367811,702245110
141644,171014331,51399092
145497,NA,1142303
203085,45336295,73522806
166054,6521636,46931001
107071,76253670,29791451
107080,97430981,219105629
101453,1277274,15830314
235422,10788741,39805351
140340,12171626,NA
459842,4940153,NA
240392,130419742,NA
174154,3168176,NA
433536,4446243,NA
198695,185764676,177256373
191621,16917758,3808428
170286,303311368,1133148253
203128,42332728,55424015
191630,77421359,184210870
134510,695799,2824040
191649,391264494,925318519
232308,5454065,303839322
129534,723371,NA
150774,25483790,16088273
212984,36959030,29500686
162760,58389216,197780692
170301,50547000,309915000
120537,22032376,10209652
191676,30015937,80582293
225399,107566417,137983692
225548,8171163,91288222
131520,1363167000,1032497000
164368,98898061,NA
115773,11921080,133375
101435,24955486,56797744
150941,36140506,30269864
487524,36917998,33904930
225575,3892852,13611956
142276,156137344,100217964
145691,43789631,139556008
145725,303179000,263803000
145813,266341210,224309967
145646,108175807,255858735
213011,45956497,26416415
151290,59646849,165897129
151324,254354731,95008842
213020,432360878,98577436
151351,1402987092,2087993958
151388,5845542,9606892
151111,548887782,2452144361
151333,9139207,12025870
151360,37099768,16984637
151342,31324191,35741682
151379,22814316,30931962
151801,59554397,288632986
488679,NA,NA
187745,15788622,25467231
436614,36522,NA
191931,138942000,230907000
153603,762484936,1559640740
191968,163091892,403195724
175856,298647138,60978291
497453,16795,NA
101480,476283903,21109789
134945,305198534,66101962
232423,772113628,155516395
225885,3731673,12406140
192040,85553731,150197769
107141,8453037,188646910
203368,199359867,286479073
488776,3510030,NA
462354,9456589,40492
162928,4931363000,13063073000
217235,59913571,346091630
198756,30180692,69181754
220473,38378543,14268458
146339,26302866,7688297
213251,88663841,132688469
498623,21210,NA
219240,2316475,11426842
170532,60671096,304294691
155308,2461351,NA
177746,27195739,84495578
155399,701686560,1019065645
155414,11051333,46748095
185262,442364386,77558866
183062,99076569,61452755
192165,539603,NA
500041,5000,NA
486840,829256846,124042454
203517,896884000,202182612
157100,5491780,7588334
157058,183384836,22486515
157076,19644020,37590851
203535,290581904,626603453
461847,541943,NA
203544,NA,3708147
169983,47913121,120713853
192192,25462554,19026340
213303,32765155,6153853
220516,12611028,39867681
213321,69264780,120608267
146427,55747877,174514569
213349,282900450,45035669
171881,349709,6676265
213358,24171379,13753998
213367,164476570,64679959
117627,25784725,121159499
213385,371640000,1140250000
140234,39759945,65131890
117168,16181389,4725543
203580,35574896,31545508
146481,57413941,123504020
170639,43199199,39257131
238980,45817689,19899969
146533,263279,21809467
226091,100096605,181917130
213400,33568452,19383479
218229,121534039,25729201
247649,23561516,31840272
220598,4848408,8528808
207209,68652854,50243063
166391,67332619,44809203
170675,80340472,54334838
239017,103355274,461234427
192323,106171362,271730113
220604,8030162,16303882
213507,62795038,101883648
220613,29398301,32936546
198808,50783011,39747164
213543,675923000,1872716000
198835,75928610,136106163
166452,133236041,184914869
226231,17367274,37458704
209056,180647635,326109583
146612,98077653,119326573
142328,24210230,15700127
232557,319231881,2598059324
117104,3115209,4920616
140252,98037501,4714905
192271,55772840,NA
218238,36218414,9158633
220631,132519176,55145522
117557,1154256,NA
177940,84060837,3270186
213598,36404275,56324821
177968,19977308,159164606
157216,27000782,42800724
209065,62927367,117769708
219976,246671486,117264975
198862,19221724,7331400
177986,27093661,35193244
117636,1120742000,571019000
192448,219913804,481988736
232566,174502680,97291077
153825,60970305,56095391
490124,588604,NA
446385,8039500,NA
436429,114390113,NA
159568,20889937,45837712
159391,2820810951,722730548
159373,704860008,41635108
435000,558300928,241464652
159382,75380693,25897833
159416,96163823,29467903
159647,400889766,99176307
203757,18148015,9442304
117946,348897000,720022000
146719,390403624,1054708355
163046,167911295,320584222
159656,369047000,246500178
226383,31097624,45855534
153834,35083596,204542420
135364,939549,1368474
213668,54304422,191145000
132657,90117589,42918486
106342,98823621,97328611
173902,95007000,881667000
192624,825102,NA
170806,50632216,37972446
153861,30224000,12113000
161509,14132040,17656671
161299,44270399,52011514
203775,18432515,25614176
151777,29208225,76829584
155496,6336704,5033262
192703,117176820,160164930
192712,24492543,41205628
192749,33368936,29686763
461528,210435,40397
239071,5769146,309966
151786,155587756,126907319
239080,5734942,10599666
203845,45735042,91722343
192819,271316575,468284843
239105,491476000,996999000
198899,47829140,60811910
237525,253943040,226038119
173452,3803453,28011103
151810,2173062,NA
232672,25187602,33785553
163295,95568576,117405397
192864,58550088,30340471
232706,170048009,32420212
220710,34592457,111238733
178059,104546370,80287156
213826,103485642,60780748
166674,124779976,20309653
167288,32963482,22979412
166683,6431621000,24572716000
166692,107145060,56133736
200226,8537203,13190905
164270,49278000,156673000
147013,41068869,40151472
226587,33152025,114445287
159717,169414718,20920613
155511,18879665,714636042
166656,152753503,1870267271
490328,9806698,NA
218335,1335192292,534532443
118693,7817174,21196355
140447,320513679,481905976
153977,29600256,11546487
203960,3210526,31207122
193016,250955625,336521742
213987,65426690,32838023
198950,56486135,138962671
166850,191457043,86879373
193052,6165659,1418431
193070,74062,NA
417752,49362,845052
213996,95739966,132098420
147129,NA,2888584
198969,30707543,48206066
190114,62899634,893675
174020,67718000,9735000
127565,293203320,28890481
166869,78531000,57666000
451103,2091566,NA
204006,NA,NA
204015,NA,NA
204024,955725451,812500000
171100,4008865779,4986233000
171128,240365260,169088791
245953,4614290,3916519
199458,4160596,4560298
481225,70394,193510
155520,18957795,18803079
482158,212022114,17662893
220978,253883988,153635992
230959,511661000,1597984000
119058,NA,NA
181330,20395419,28169280
157377,25980698,35299434
178208,4449265,38314421
226833,165749526,112954045
101675,18718069,30341252
461883,810643,NA
214041,375104536,46859301
486901,14197283,56151084
147244,33424710,94445822
175980,29785235,110471025
239309,7881931,4095645
239318,36095239,90335690
484844,26680886,NA
174127,29028070,57981930
174358,60652000,38924000
173920,170901000,80553000
200253,29237017,46608012
214069,59134816,73650588
176664,3196850,449665
176053,47213614,114430381
176080,1336145286,894682468
176035,66856104,71941861
176044,74143317,4460813
178244,31737338,5063768
178341,128452170,53877747
179566,578971646,NA
178411,244041375,282592656
178369,24560235,12228141
178387,106870846,40378556
129774,20812126,9384025
193292,125919103,56171754
147341,31120397,141991869
185572,49414201,163753000
193308,80743592,NA
262165,NA,NA
180461,476063370,312991891
180179,30329861,36754025
180416,35771998,85649782
185590,707104000,61568000
199032,10953193,10261351
166911,12180864,3114724
147369,180800801,53980101
214148,12583682,51242825
214157,127597000,167363000
157386,268023760,70848750
140553,24315150,263393368
163453,305959737,106488900
154004,27736437,64301016
140571,1013832,950211
218399,2193046,13127079
214166,25458728,65879588
209241,NA,31379060
204176,4053991,2603680
166939,280119010,1101548227
219198,26704186,38010214
239390,7133554,27619770
154013,15293241,43902317
193353,48042397,11106728
119173,75966758,174149175
189282,749574,1191100
204200,24724764,74062899
163462,90036898,64288711
204194,10765523,29891845
214175,111139012,337125542
157401,262230714,128647523
204264,37997748,96032078
127653,19150147,4686183
147536,39978555,73182745
119605,305986000,1018003000
147590,10762073,11239401
209296,2146461,1443669
193584,58329034,93528773
181297,2642433,13865945
181446,16290000,82773000
228325,31017638,15489142
163532,878452,NA
214272,56474055,24549502
445692,16259740,NA
441900,78566000,1607000
262129,63637284,48987288
182980,32733613,35494414
208725,1925421,970203
185129,364188607,18493002
185828,619594000,179523000
187897,118870492,13151236
187967,213533543,96663539
188030,845621937,88674297
159948,1973614,82053303
440396,2357498,326124
418126,3349990,NA
439783,3526372,NA
461148,67587291,NA
194091,327591757,116921221
194116,14244817,11143613
193900,12137224000,6651982030
218414,47411752,21240928
155335,18268923,26927451
119775,9654407,NA
496803,483875,NA
193973,72675784,100292602
159966,196506392,16940430
167260,28131733,31678442
444787,16173771,NA
232937,171246006,77511231
461795,6415714,NA
199102,409830739,201941618
199157,296026642,59634623
199193,2509551285,2219515999
199209,23466725,13726892
147660,88472623,139739937
174437,14822371,4597318
200332,339790652,486725427
218441,9413708,34404825
147679,84813816,108329352
147776,74009575,14961160
207263,44178947,44726355
167358,2311352000,1852620000
118888,NA,NA
482705,NA,NA
105330,998642322,283386638
147703,394964947,114772816
157447,337378000,138582000
171456,149193681,19835537
219259,21970291,56148289
239512,6212493,6415604
217606,3255753,779802
377546,7145886,NA
178624,172749398,48730402
142461,31144929,71750548
236133,30292000,11784000
487603,NA,NA
154101,10693829,76928958
174507,9569210,3404054
207306,9520309,38260410
160038,170814509,18934642
147767,3621695000,10981265000
171492,9153027,122890733
230995,90934000,280542000
368452,405936,NA
120184,35229357,23408314
163578,30649047,52379412
136215,877763432,252077000
174525,1937595,900245
495059,38898,NA
152099,22304182,5368595
171571,481445494,151474929
101912,37348020,9755394
204501,489663374,1270465000
120254,126048943,654297483
140696,9227108,51089713
201964,8167165,6618574
204617,48014586,19820216
204635,113460349,216103158
204671,3211053,6550036
204796,11442610828,7903034629
204820,NA,NA
204802,NA,NA
204857,1123793495,779546455
204866,NA,NA
204909,83470558,306030062
207403,24464655,172482274
207324,50257381,50488087
207458,121036228,180751663
207351,23738219,15710827
207388,1298238687,603919302
206835,2075720,11335922
232982,561221824,319812987
147828,143138835,68596931
207582,34178876,48540606
209490,2641310000,1253372000
209506,119282856,34872899
209542,1813788457,1038691221
440828,NA,NA
120403,42650683,32677120
155636,NA,NA
428259,NA,NA
454582,NA,NA
155627,139364666,25884787
464226,NA,NA
204936,47302050,127686133
107512,52618536,140325456
227331,35821535,50673849
178679,1013620,5387955
194310,897979934,262098164
378576,4032397,NA
414595,14296252,NA
236230,89946000,131845000
209603,NA,NA
120768,21124389,12546490
120838,1581376,NA
120865,68420947,32072219
209612,127086793,64811367
140720,21058049,11639007
136330,123538207,109770462
154174,61614848,79568037
120698,21920444,1147970
178721,38785451,59581851
243823,20619000,46703000
451927,5194528,3241105
227429,18056366,5088211
194392,17180778,36318604
214883,3752668,3898887
214971,32802393,44902219
215053,6051248,3393269
214777,6837275000,4750032000
214801,NA,NA
214689,NA,NA
214698,NA,NA
214704,NA,NA
214731,NA,NA
214591,NA,NA
214759,NA,NA
214786,NA,NA
214713,NA,NA
214768,NA,NA
214670,NA,NA
214795,NA,NA
214625,NA,NA
214810,NA,NA
214652,NA,NA
214643,NA,NA
214829,NA,NA
479956,NA,NA
498571,657118160,123168203
121150,843921000,1319031000
181534,14007079,22113290
199306,39979500,19921108
107600,15947836,14822763
140818,33072176,49782350
440794,4854619,298423
155681,70225669,110704846
121257,101409987,191881805
260813,NA,NA
183080,101425682,41204855
121309,92967154,87146089
215442,55966112,64289492
456481,NA,NA
456490,NA,NA
121345,424564000,3008965000
205027,4252410,33268221
209807,466879654,123171915
130183,57319031,NA
227526,129121140,150054853
194578,209017461,290371269
218539,70967940,107646357
490045,2821463,NA
105589,10226824,2759573
186131,6719933000,33401865000
148016,44923149,592903744
455770,5651521,25322
217402,362793346,352820557
380438,10692774,NA
496283,NA,NA
151102,91221885,83749624
489779,154299665,178031
490805,87156312,55671355
243780,1406423323,3971950988
199412,125058555,168610681
148131,41792514,18115236
130226,508914300,764457116
384421,673955,NA
194657,66488,NA
194666,3510236,NA
186186,4161676,NA
405854,311698,NA
484871,3201416,NA
205124,433840,132779
194718,5000057,NA
194763,4812259,78867
233277,215927566,74282583
186201,269858000,NA
207157,1912559,794992
233301,23159437,187140000
233295,70787298,217085858
209922,180387429,790961122
490230,1487877,NA
231651,99853000,124604000
167598,66474042,52200259
127918,88607636,92257908
140872,42043136,44123265
194824,815174000,1000295000
178989,2948890,NA
217420,79906783,47463260
217493,212603572,427789730
221351,108843937,431583452
227757,1756351000,7931811000
186283,168897000,66827000
136774,169034639,70500683
239628,45185810,114037583
183211,59956657,41495760
233426,56471928,185244775
215655,116857924,49353539
194958,32096950,34775443
195003,702632000,1384518000
170967,22543046,4936837
148405,12284328,31680660
179043,46315085,36495416
180595,14226073,44324445
127945,5569937,NA
217518,120130346,77367776
207661,57616521,19710242
136950,247417000,484716000
148487,292831000,152797000
152318,129344158,294620999
445735,247955629,34573157
215691,32991629,11604677
184782,1602208348,434635893
148511,1888566000,905797000
195128,21230113,46682616
176318,15086130,55371694
186371,629695691,88275358
186380,3655118842,1720866182
186399,834294509,250906779
172033,2378385,33990029
130253,571042177,316002568
172051,111647206,109975868
154235,63566547,247436298
183239,95439868,213587856
149028,3009956,9359443
199582,45418598,13607529
216047,4648028,19213651
174783,100106000,47158000
227845,114522291,146625204
186618,29046548,19945344
148575,NA,6651606
215743,53698487,60553787
167677,315710,38388679
174792,72391713,300875481
160409,168718,525242
161518,17425971,16860942
215770,618297711,454664777
137032,99371490,76085828
179159,633325508,1879430141
236452,31894830,46594574
152390,83097846,321859342
123554,139859000,178878000
174817,17371008,70711184
152381,27654283,11369245
231059,68690527,95450950
239716,31156770,188795538
186432,95523416,43606171
215798,26883377,146740767
148627,28573794,48413323
199607,20751996,60510012
167729,312672031,69619582
237783,4646283,NA
163851,153294615,84407176
180647,18637201,19896156
217536,44821000,92360000
227881,195070097,190847399
102049,643748079,469998443
122296,270054587,43720867
112084,7852593,694522
122409,3252472057,478618726
120166,1219946,NA
122506,93737000,65183000
122597,1816598095,175553573
122755,2401908871,207715718
493895,1284260,NA
122931,545456000,1555250000
195304,115645868,148109145
494542,8584302,NA
140951,279913943,412027000
140960,127826509,12729394
404338,1915747,NA
143048,NA,416852000
197151,543226846,NA
228042,31688977,86343456
123165,131784297,503038388
488448,92850,NA
236577,110676000,162552000
236595,205451175,318305031
102058,1003590,178760
232885,1790374,NA
186584,369131000,369807000
215947,55882890,62915652
195438,5958186,NA
123280,188203,47615
199643,23109698,14298337
205443,57132968,23593304
233541,114198136,85171488
237792,45980481,33732052
216010,311478313,71110523
140988,16167053,14534841
195474,61209106,189904049
172264,17951216,14838766
461759,5928476,NA
167783,314102250,249188228
154350,42404670,87173703
123457,30963714,7374442
219374,309124,7103580
195526,169810000,488201000
216038,269875888,52399313
167835,642338366,2564122544
110778,6664050,NA
399911,6064000,1523965000
123572,766934408,51580176
218733,128707872,19681117
219347,50919134,111334370
219356,181529108,269079345
366003,5750173,NA
480073,10460779,NA
251312,11328525,NA
101116,4303616,NA
459259,4717085,NA
139579,7403727,NA
449898,11883023,NA
459268,3000107,NA
133465,15852538,NA
179557,329126116,120375603
199759,25116090,44958471
233602,160986,NA
160612,367402925,23649556
207847,27103229,39483740
137564,90921053,10946366
221661,25306958,64734045
107983,74980135,63232948
123952,21467000,6805000
117575,420630,115850
117672,8956842,1667773
130493,66648218,40457103
149222,346916687,212993823
149231,140754536,40186050
228246,886535000,2163920000
206862,54127371,50029010
183026,440818745,64647512
210146,111163744,39813671
160621,262752631,13402004
160630,66674432,3447953
230603,79533080,41795372
233611,15501631,1867799
217776,5104013,9931892
179326,21080718,31339322
175078,23677000,20934000
228468,1978400,26462438
207856,12794206,1797572
155900,21157555,26849786
207865,20543481,38705626
228343,124767291,403727514
157757,10790124,28053113
172334,27123472,31160986
102234,65365851,4725172
167899,130465594,103272771
475273,NA,NA
195164,54444789,95209711
175005,119568472,156154341
195216,174610943,416833841
174844,187965192,803770786
199698,23169670,6799893
195173,302747488,26414886
195720,65953825,151031721
137272,687758,11010237
163976,33146502,210047576
245652,33099043,112735358
148593,433009,3657299
195809,580407000,819408000
195544,52972000,63464000
163912,63333425,45029041
228149,48426963,263027963
195243,14531243,37515082
137476,108748683,42969520
243744,10864742000,37631059000
196149,287641861,60145944
196176,421971173,42641066
196194,390437471,67749280
196246,327135058,30379272
228431,114242138,135381137
179548,15833720,58198157
155937,12548261,13527024
231095,2223965,1155851
137546,242308013,390513055
186867,420498000,374598000
164173,167402080,104378735
102270,6906616,19795214
186876,617137598,50245870
167996,100980467,306928702
196097,3153190109,786159357
450377,NA,NA
458885,NA,NA
450298,NA,NA
131803,104337000,NA
449038,NA,NA
458919,NA,NA
459994,NA,NA
430184,NA,NA
458955,NA,NA
453215,NA,NA
453163,NA,NA
443784,NA,NA
458964,NA,NA
443766,NA,NA
458973,NA,NA
233684,NA,NA
456621,NA,NA
168005,539344256,252033632
228501,19758130,26466497
447953,11187335,82000
196158,238990569,51473172
196219,362583076,82417368
196121,328728823,27716988
196130,442239658,96391605
196167,246755983,41663666
196200,240735087,53841887
196033,142296878,10521780
196103,164031996,47820260
196015,144604370,18129189
196024,135379955,9149157
196255,1252861248,33381952
196291,199154223,11628303
196237,183109145,459806
196185,297993618,78601117
196112,152019458,5563636
216278,54514261,225341330
216287,542297000,2728473000
233718,10380474,70096817
196413,1348964958,2074832074
155973,9361829,21124457
102298,36842833,2622523
137777,13069632,NA
186900,47991,NA
196440,1678192,NA
451404,12540050,NA
196431,174258,NA
216311,1167891,NA
228529,95295719,112156504
152530,46511000,140140110
149329,4134398,NA
216339,2188633000,960929000
221838,168428082,115311043
221847,137883819,105785212
221731,26523704,18064301
226152,37992870,105839730
228723,1409893770,19114830674
224554,75568837,38742427
224147,75540701,139062959
228705,46908769,164847431
483036,10540792,3865590
459949,67716387,4463975
224545,14849986,13904263
228875,1223040000,2615547000
228884,7101260,9563620
228981,36223521,99583769
229063,331177805,102120225
228459,399386028,411758097
229115,540739592,2119922328
229337,123066265,284811092
492689,76085467,174488583
229160,19154490,78382624
229179,517939581,133171935
131283,267659000,382564811
143978,133842597,42215842
492607,NA,NA
455664,NA,NA
491190,NA,NA
201821,NA,10626713
142294,32684745,125614956
187134,565448000,69014000
195234,NA,NA
174899,63546812,87878218
197285,3044934,NA
206589,74355170,437822692
190372,360884459,920191918
235167,48111351,25335007
192110,236089388,1397684575
439701,904432,6440531
117751,48122987,53400998
167057,43214974,164487681
193654,1095472000,486977000
157748,24760116,102810744
494603,20650940,153716305
100751,2900917780,1565891763
202763,59739476,56620691
180489,373430228,287380104
180692,20058920,13029120
171599,36711191,27239656
137847,260279708,77125061
487010,192282378,283887442
220701,1343532,1048784
221740,178846030,215568292
221759,1236471430,1187949666
221768,79438358,62017896
228769,356861523,223230170
228778,1428555206,6177255191
228787,339676207,858859362
228796,184281397,386783155
229027,307388884,315034041
228802,131911748,212481451
229300,788861195,1025924655
228644,332359784,834992775
416801,NA,9287693
228653,708499190,842261180
229018,40498771,68495955
227368,243722169,149460403
221519,104260649,499943537
216357,39550573,48858416
124292,19215421,30834386
161563,16912991,25337861
187046,43966072,12775967
216366,6391475502,2912558000
183275,1479063,3706220
157809,54841546,36451258
141167,9015350,7221182
206048,35739827,22776557
141185,2574356,4146021
196583,633602,NA
176406,7520709,28917674
196592,828984000,47900000
459824,NA,6268997
459727,NA,NA
164076,600825909,114604282
157818,61261658,273547275
221892,100924459,72102608
152567,41020307,79130707
414878,NA,NA
137953,3316421,113952
200484,1047209,1518067
149505,22367367,11047055
130590,220675152,850725222
137962,3440188,956171
146755,NA,3718694
149514,25012536,20883153
229267,282316103,1843412847
131876,29077436,42817815
102368,408086763,150334381
141237,27219875,6877816
178615,140494403,70189425
168148,1256522164,2533755000
160755,1446081000,2253994000
221953,51154601,18224881
102377,38204076,164249785
181738,13236290,34344047
157863,18500841,31483619
196866,223758730,567467656
221971,18131154,60157304
486354,124838,NA
128328,NA,151867935
130624,NA,994541
197027,NA,NA
197036,NA,NA
164155,NA,4246700
102395,349999,1000000
447050,7490104,NA
197018,9653649,NA
161572,26557054,16527514
196060,1234948718,166836576
196088,1268356979,1059489397
363934,14959032,NA
200800,552030720,351635016
200846,NA,NA
100663,3839702271,858989211
100706,476949517,113737648
102553,178441427,101005876
102614,414101862,159604689
104179,2823510000,1387344636
106397,1096678000,1665643378
106245,110032466,183220280
106412,55738660,8326293
106263,1062035000,384890000
161873,90332800,75816113
128744,29337000,18317000
110635,NA,3176106000
110644,NA,773217000
110653,NA,899356000
110662,NA,3529545000
445188,NA,32681000
110671,NA,277082000
110680,NA,1557815000
110705,NA,444044000
110714,NA,164952000
106704,248515393,76422969
132903,1112680633,201916665
176965,283640039,82222276
206941,148607875,45105363
237312,27222521,62316735
144050,6459390632,9124340657
201885,2480225620,2010746858
126614,2011136801,NA
126580,416314501,NA
126562,2023986392,NA
129020,7534864304,622770599
436827,NA,NA
463056,NA,NA
436836,NA,NA
436818,NA,NA
224323,35163000,100594000
202480,517543000,865508000
130943,1474041633,1929793265
127060,359596089,1088971768
169716,92296139,108570110
153278,75721599,281638321
150534,113080990,166020755
134130,3958172000,2448293000
457402,679573,NA
139959,2228417990,2055796714
129525,218412000,194773000
141565,37033469,366421
141574,494034159,56073331
141981,55516261,299037
179265,110202322,119879985
160065,14573357,22954780
225511,1635995804,1313224792
225414,218822168,41183066
225432,235482618,64433695
225502,176327005,23375624
142285,290284149,432852924
145600,1554520277,680971470
148654,77837146,33302364
145637,1787245783,2606081833
151263,109083847,132017860
153658,2947870000,3505385000
200156,32934482,45098815
155317,1121169414,2547083957
157085,2822004651,2038771493
117140,135346129,146959574
160658,731233471,177999227
159993,254198045,42977803
157289,648057000,1010310000
232609,66054658,140631750
161253,152237000,479309000
161217,25769000,9127000
161226,34861000,17522000
161235,5492000,5810000
161341,7091000,1459000
437097,253106,NA
200217,52394573,75162860
226471,47403434,123439591
232681,305864156,89033173
163338,108279688,66053653
163204,171857689,57865132
163259,714310151,521552835
163268,357658110,194549728
163286,1457358869,1171369937
262086,132138940,NA
166629,1571338055,579704081
166638,626400000,171325000
167987,261384000,118359656
166513,732064000,210448000
220862,282083674,377603467
135726,2976720710,1589857455
170976,11814295000,18894762000
171137,74333000,93185000
171146,18585000,178319000
174075,8757681,24639517
174233,45115355,293463445
174251,6766185,26431352
456959,75069645,1511123
174066,2831367917,5512426113
176017,3773869275,924527426
178396,2641675543,1468551585
178402,358760648,213276450
178420,224999306,127708077
101693,32965045,25213200
101709,150788189,45439205
199069,29798001,50885895
193399,45333259,55717767
204185,22907617,179260908
181215,77424760,88189670
181394,135276300,141759357
181428,137406263,495847983
181464,498642940,1479930187
182281,840725000,418236000
182290,906177897,560059383
161457,203352636,330754456
183071,64856627,2191486
183044,351557514,525445726
129941,181802023,103222350
187985,2929032522,821467717
159939,298023520,27749072
101879,302378916,63919879
199111,165643141,75642604
199120,4744781305,5728314165
199139,1194827958,344668261
199148,663915456,428946901
199281,182851391,35896353
199184,123762262,135574067
199218,563581092,162149363
200280,613344674,402798000
136172,455494895,147998667
482680,405605232,85078881
227216,390534628,327779886
484905,27783696,13437484
228909,64747643,139781893
127741,247361405,119815567
154095,139518336,224410285
174491,25839008,26022131
152080,4592629000,18245327000
207342,664270000,743829000
207500,1881925000,1554332000
209551,1563371274,1613595472
215062,9653197000,22347948000
484613,346319520,NA
484631,NA,NA
420042,NA,NA
484756,NA,NA
157535,98820113,34039524
215266,NA,568151
215275,NA,7683158
215284,NA,69866778
215293,3213891858,5757792571
209825,104346000,323629000
180258,5841525,20427127
236328,92315000,471468000
121691,147261662,253550203
217484,493621911,317751177
233374,389483000,3245089000
195030,4145572000,2989014000
152336,20027019,37078792
130314,52901000,54463000
155812,9430338,21807240
122436,373416000,714021000
122612,396775000,568825000
207722,24295583,19874164
215929,169806585,319717006
112394,16255950,NA
219383,18504307,37845414
102094,1269071000,710294000
218645,98184012,36148232
218654,52049198,10545792
218663,2344186787,776513396
218742,180730805,13988361
219471,110007086,317638024
137351,1506856668,708333328
123961,5668577000,8092846000
151306,136580050,160211786
161554,155141000,51167000
176372,536368709,160371946
148584,40130292,31326661
174914,571549000,740260000
227863,57145482,145922341
156541,34843706,313612764
131399,74234565,70532289
225627,203558937,187996471
107558,23286117,141527346
120883,278224386,643177245
442639,NA,NA
384412,12681536,NA
188182,1677885,16137893
449870,608413,17325706
206084,938159317,388044243
207971,145011596,1290043000
230764,3965132000,1650635000
216542,35074206,3088748
231174,1055076000,896299000
233897,55206159,165651423
234076,5014044721,10055403543
377555,NA,NA
236948,7119915536,5565903487
377564,NA,NA
101587,139097964,420514
138354,185351213,108127993
141334,352917206,49016912
484862,4345802,NA
210438,37732866,3353795
240268,197767189,76742889
240277,35718509,63937536
240329,143478747,46068454
240444,2202387586,6101887051
240453,414899818,260363469
240365,120434463,44493460
240374,49654464,17205147
240462,124725694,66038596
240471,59980739,33139029
240480,128389486,68399763
240417,126250784,86623213
240426,38669560,25025835
240189,143460544,44704712
240727,702064000,807426000
154493,85774282,21808149
196307,1422033089,113756897
498924,905865,NA
494685,2282727,NA
216524,79704879,167639430
206349,3473541,45871040
446604,8884065,NA
197045,86802539,35361616
141264,293854688,73754731
200572,17596936,13627134
152600,167447000,311933000
221999,3486695752,10247727490
149639,2195895,410794
123651,63770807,18260080
197133,352800413,1300989120
231165,NA,NA
197142,2450143,2579220
216597,562080503,1313033000
234030,1171290654,2885706877
234085,68166312,787531041
233921,1579596306,1939700000
234155,177079366,95582360
234164,33883234,31909591
234137,111049,2211297
234173,34254284,121820249
449764,9758375,11488
240107,9577427,65564998
218919,2608453,10526987
152673,44806763,428982792
226879,1256860,NA
197197,152021023,117965278
199847,1627675000,1997300000
154518,10240670,NA
236896,15272950,46573468
172608,3460063,11403759
206437,12216709,39556155
210304,12932692,18230221
480198,NA,NA
138275,12397106,3585301
199865,21720479,55051556
154527,83245186,100364486
156082,94327202,223942063
216667,57712710,170899484
162210,26602390,4354339
234207,315532000,2043225000
164216,85666030,362301915
236939,1032997653,1383078164
179867,4431511000,12006026000
483780,3705799,NA
199883,94678,NA
229780,48501422,122050796
181783,52871209,33294918
172644,885350000,602398000
216694,43556913,36084000
197221,3482898,71598223
138293,21806292,7426153
179894,143101900,66675742
220206,18543152,4567288
168218,601833000,2991224000
168227,219891097,160162385
176451,122177,5580473
141325,12595776,60668915
130697,534689000,1583306000
216764,483481832,69403013
477039,NA,NA
443331,414107737,NA
485272,NA,NA
458229,NA,NA
458210,NA,NA
237932,25539933,22544764
229814,55661417,137206458
237899,49061091,13396371
238032,1249436030,861602738
237950,NA,NA
237969,15383476,88139677
490133,25559849,NA
200004,479146171,138110912
128391,111180271,9479865
130776,31570904,28269491
149772,82438995,97371859
157951,447714088,19138764
172699,626982119,754940001
168254,113737121,60241105
188304,94848318,34372746
210429,114165312,26878214
237011,300019655,125985155
168263,186503452,12899710
179946,20540882,80711423
216807,37528244,140925746
230807,43281165,72161507
125727,75324487,92162206
149781,180813000,610123000
168281,96578297,272797345
238078,16411795,4601377
237057,154507589,785977679
125763,42043382,139279793
237066,112022961,202119120
475200,NA,NA
156125,400373323,335902000
216852,168150916,117539742
206491,15627904,7100500
229887,18640690,7554612
216931,101036890,67211296
210401,157855000,313019000
231624,581239668,1454415648
176479,50496309,42262357
166717,30153920,1023784
122728,110325413,7115387
179955,29656757,66717121
187444,345123042,46000752
199272,13494957,51607424
154590,45810884,8830882
179964,12824730,18717963
107877,4045837,14166817
168342,967033418,3530439948
443340,245729,NA
206507,21736398,32371804
131113,68179433,168243172
217013,36656780,70216910
499732,NA,NA
199962,91320613,134585785
175272,91162000,62386000
199999,194058333,54878108
218964,198207318,78222236
240338,49226570,49450647
206525,53731715,96621956
218973,125626073,465415514
491631,383491,NA
125897,28849517,6554362
168421,497993000,682734000
168430,162202093,25642341
401223,1695042,NA
206613,NA,NA
206604,246849333,153809620
206622,211778000,269006000
160904,90262115,182857477
130794,9278431000,41441645000
490319,423582,NA
434937,NA,NA
420325,1696135,NA
375230,12522,NA
481410,379474,NA
491710,2449128,NA
247773,213968,NA
491613,903384,NA
476692,89297,NA
197601,1103325,NA
491057,2965676,NA
190752,1072494,NA
498809,12525130,NA
455257,3236088,NA
197674,1340620,NA
126076,3157680,NA
486017,5295356,NA
490276,4809924,NA
486026,456155,NA
451398,1730114,NA
197708,664422000,501162000
494737,21584155,NA
481438,1509035,NA
487746,815576,NA
363712,3920078,NA
451370,1650462,NA
491765,2011557,NA
498906,2493847,NA
197692,0,120000
197735,4262241,149
217059,100840838,179302415
181853,13163133,22815238
141361,61783285,129538855
206695,215528438,349327395
